{
    "CombatPercent": 0,
    "Description": "",
    "DisableCorruption": false,
    "DisableRandom": false,
    "EventPercent": 0,
    "ExistsPercent": 100,
    "ExistsSku": "",
    "GoToTown": false,
    "NodeBackgroundImg": "",
    "NodeCombat": [],
    "NodeCombatTier": "T0",
    "NodeEvent": [
        "e_faen2_a"
    ],
    "NodeEventPercent": [
    ],
    "NodeEventPriority": [
    ],
    "NodeEventTier": "T0",
    "NodeGround": "None",
    "NodeId": "faen_2",
    "NodeName": "North Path",
    "NodeRequirement": "",
    "NodesConnected": [
        "faen_5",
        "faen_6"
    ],
    "NodesConnectedRequirement": [],
    "NodeZone": "Faeborg",
    "TravelDestination": false,
    "VisibleIfNotRequirement": false,
    "medsPosX": 0.0,
    "medsPosY": 0.0,
    "SourceNodeName": "North Path"
}