{
  "medsEvent": "e_aquar18_a",
  "medsTempID": "e_aquar18_a_7132",
  "DustCost": 0,
  "GoldCost": 0,
  "IndexForAnswerTranslation": 7132,
  "RepeatForAllCharacters": false,
  "ReplyActionText": "Sing",
  "ReplyShowCard": "",
  "ReplyText": "Try to sing a perfect song.",
  "RequiredClass": "",
  "Requirement": "",
  "RequirementBlocked": "",
  "RequirementCard": [],
  "RequirementItem": "",
  "RequirementMultiplayer": false,
  "RequirementSku": "",
  "SSAddCard1": "",
  "SSAddCard2": "",
  "SSAddCard3": "",
  "SSAddItem": "",
  "SSCardPlayerGame": false,
  "SSCardPlayerGamePackData": "",
  "SSCardPlayerPairsGame": false,
  "SSCardPlayerPairsGamePackData": "",
  "SSCharacterReplacement": "",
  "SSCharacterReplacementPosition": 0,
  "SSCombat": "",
  "SSCorruptionUI": false,
  "SSCorruptItemSlot": "None",
  "SSCraftUI": false,
  "SSCraftUIMaxType": "Common",
  "SSDiscount": 0,
  "SSDustReward": 100,
  "SSEvent": "",
  "SSExperienceReward": 32,
  "SSFinishEarlyAccess": false,
  "SSFinishGame": false,
  "SSFinishObeliskMap": false,
  "SSGoldReward": 100,
  "SSHealerUI": false,
  "SSLootList": "vssirenlootspecial",
  "SSMaxQuantity": 0,
  "SSMerchantUI": false,
  "SSNodeTravel": "",
  "SSPerkData": "",
  "SSPerkData1": "",
  "SSRemoveItemSlot": "None",
  "SSRequirementLock": "",
  "SSRequirementLock2": "",
  "SSRequirementUnlock": "",
  "SSRequirementUnlock2": "",
  "SSRewardHealthFlat": 0,
  "SSRewardHealthPercent": 0,
  "SSRewardText": "You begin singing. \r\n\nIt seems that the sirens watching over you are pleasantly surprised by your singing. \r\n\nThey offer some additional rewards.\r\n",
  "SSRewardTier": "",
  "SSRoll": true,
  "SSRollCard": "None",
  "SSRollMode": "LowerOrEqual",
  "SSRollNumber": 2,
  "SSRollNumberCritical": 0,
  "SSRollNumberCriticalFail": 9,
  "SSRollTarget": "Group",
  "SSShopList": "",
  "SSSteamStat": "",
  "SSSupplyReward": 0,
  "SSUnlockClass": "",
  "SSUnlockSkin": "",
  "SSUnlockSteamAchievement": "",
  "SSUpgradeRandomCard": false,
  "SSUpgradeUI": false,
  "SSCAddCard1": "",
  "SSCAddCard2": "",
  "SSCAddCard3": "",
  "SSCAddItem": "",
  "SSCCardPlayerGame": false,
  "SSCCardPlayerGamePackData": "",
  "SSCCardPlayerPairsGame": false,
  "SSCCardPlayerPairsGamePackData": "",
  "SSCCombat": "",
  "SSCCorruptionUI": false,
  "SSCCorruptItemSlot": "None",
  "SSCCraftUI": false,
  "SSCCraftUIMaxType": "Common",
  "SSCDiscount": 0,
  "SSCDustReward": 200,
  "SSCEvent": "",
  "SSCExperienceReward": 44,
  "SSCFinishEarlyAccess": false,
  "SSCFinishGame": false,
  "SSCGoldReward": 200,
  "SSCHealerUI": false,
  "SSCLootList": "vssirenlootextraspecial",
  "SSCMaxQuantity": 0,
  "SSCMerchantUI": false,
  "SSCNodeTravel": "",
  "SSCRemoveItemSlot": "None",
  "SSCRequirementLock": "",
  "SSCRequirementUnlock": "",
  "SSCRequirementUnlock2": "",
  "SSCRewardHealthFlat": 0,
  "SSCRewardHealthPercent": 0,
  "SSCRewardText": "You begin singing. \r\n\nIt seems that the sirens watching over you are entranced by the music. \r\n\nThey offer a special reward.\r\n",
  "SSCRewardTier": "",
  "SSCShopList": "",
  "SSCSupplyReward": 0,
  "SSCUnlockClass": "",
  "SSCUnlockSteamAchievement": "",
  "SSCUpgradeRandomCard": false,
  "SSCUpgradeUI": false,
  "FLAddCard1": "",
  "FLAddCard2": "",
  "FLAddCard3": "",
  "FLAddItem": "",
  "FLCardPlayerGame": false,
  "FLCardPlayerGamePackData": "",
  "FLCardPlayerPairsGame": false,
  "FLCardPlayerPairsGamePackData": "",
  "FLCombat": "",
  "FLCorruptionUI": false,
  "FLCorruptItemSlot": "None",
  "FLCraftUI": false,
  "FLCraftUIMaxType": "Common",
  "FLDiscount": 0,
  "FLDustReward": 0,
  "FLEvent": "",
  "FLExperienceReward": 30,
  "FLGoldReward": 0,
  "FLHealerUI": false,
  "FLLootList": "",
  "FLMaxQuantity": 0,
  "FLMerchantUI": false,
  "FLNodeTravel": "",
  "FLRemoveItemSlot": "None",
  "FLRequirementLock": "",
  "FLRequirementUnlock": "",
  "FLRequirementUnlock2": "",
  "FLRewardHealthFlat": 0,
  "FLRewardHealthPercent": 0,
  "FLRewardText": "You remember your time in the Sahti Islands, where a kind group of mermaids taught you a song, and you sing it but stumble. \r\n\nIt seems that the sirens watching over you lose interest. \r\n\nYou can still use the altar however.\r\n",
  "FLRewardTier": "",
  "FLShopList": "",
  "FLSupplyReward": 0,
  "FLUnlockClass": "",
  "FLUnlockSteamAchievement": "",
  "FLUpgradeRandomCard": false,
  "FLUpgradeUI": true,
  "FLCAddCard1": "",
  "FLCAddCard2": "",
  "FLCAddCard3": "",
  "FLCAddItem": "",
  "FLCCardPlayerGame": false,
  "FLCCardPlayerGamePackData": "",
  "FLCCardPlayerPairsGame": false,
  "FLCCardPlayerPairsGamePackData": "",
  "FLCCombat": "",
  "FLCCorruptionUI": false,
  "FLCCorruptItemSlot": "None",
  "FLCCraftUI": false,
  "FLCCraftUIMaxType": "Common",
  "FLCDiscount": -20,
  "FLCDustReward": 0,
  "FLCEvent": "",
  "FLCExperienceReward": 25,
  "FLCGoldReward": 0,
  "FLCHealerUI": false,
  "FLCLootList": "",
  "FLCMaxQuantity": 0,
  "FLCMerchantUI": false,
  "FLCNodeTravel": "",
  "FLCRemoveItemSlot": "None",
  "FLCRequirementLock": "",
  "FLCRequirementUnlock": "",
  "FLCRequirementUnlock2": "",
  "FLCRewardHealthFlat": 0,
  "FLCRewardHealthPercent": 0,
  "FLCRewardText": "You remember your time in the Sahti Islands, where a kind group of mermaids taught you a song, and you try to sing it but fail. \r\n\nIt seems that the sirens watching over you are annoyed by your attempt. \r\n\nYou can use the altar though with increased cost..\r\n",
  "FLCRewardTier": "",
  "FLCShopList": "",
  "FLCSupplyReward": 0,
  "FLCUnlockClass": "",
  "FLCUnlockSteamAchievement": "",
  "FLCUpgradeRandomCard": false,
  "FLCUpgradeUI": true
}