{
    "medsEvent": "e_faen16_a",
    "medsTempID": "e_faen16_a_2",
    "DustCost": 0,
    "GoldCost": 0,
    "IndexForAnswerTranslation": 2,
    "RepeatForAllCharacters": false,
    "ReplyActionText": "CharacterName",
    "ReplyShowCard": "",
    "ReplyText": "I can try to sing it along with the elf...",
    "RequiredClass": "ranger",
    "Requirement": "",
    "RequirementBlocked": "",
    "RequirementCard": [],
    "RequirementItem": "",
    "RequirementMultiplayer": false,
    "RequirementSku": "",
    "SSAddCard1": "owlblessing",
    "SSAddCard2": "",
    "SSAddCard3": "",
    "SSAddItem": "",
    "SSCardPlayerGame": false,
    "SSCardPlayerGamePackData": "",
    "SSCardPlayerPairsGame": false,
    "SSCardPlayerPairsGamePackData": "",
    "SSCharacterReplacement": "",
    "SSCharacterReplacementPosition": 0,
    "SSCombat": "",
    "SSCorruptionUI": false,
    "SSCorruptItemSlot": "None",
    "SSCraftUI": false,
    "SSCraftUIMaxType": "Common",
    "SSDiscount": 0,
    "SSDustReward": 120,
    "SSEvent": "",
    "SSExperienceReward": 32,
    "SSFinishEarlyAccess": false,
    "SSFinishGame": false,
    "SSFinishObeliskMap": false,
    "SSGoldReward": 0,
    "SSHealerUI": false,
    "SSLootList": "vsowlloot",
    "SSMaxQuantity": 0,
    "SSMerchantUI": false,
    "SSNodeTravel": "",
    "SSPerkData": "",
    "SSPerkData1": "",
    "SSRemoveItemSlot": "None",
    "SSRequirementLock": "",
    "SSRequirementLock2": "",
    "SSRequirementUnlock": "ancientsong",
    "SSRequirementUnlock2": "",
    "SSRewardHealthFlat": 0,
    "SSRewardHealthPercent": 0.0,
    "SSRewardText": "The elf teaches the ancient song to Andrin and after a while they both start singing...\n\nHis interpretation is a success! The owls fly in a circle above him and give him their blessing. When the song ends the owls calm down and return to their nests.\n\nThe elf is very grateful and offers you some musical instruments.",
    "SSRewardTier": "",
    "SSRoll": true,
    "SSRollCard": "Song",
    "SSRollMode": "HigherOrEqual",
    "SSRollNumber": 0,
    "SSRollNumberCritical": 0,
    "SSRollNumberCriticalFail": 0,
    "SSRollTarget": "Character",
    "SSShopList": "",
    "SSSteamStat": "",
    "SSSupplyReward": 0,
    "SSUnlockClass": "",
    "SSUnlockSkin": "",
    "SSUnlockSteamAchievement": "",
    "SSUpgradeRandomCard": false,
    "SSUpgradeUI": false,
    "SSCAddCard1": "",
    "SSCAddCard2": "",
    "SSCAddCard3": "",
    "SSCAddItem": "",
    "SSCCardPlayerGame": false,
    "SSCCardPlayerGamePackData": "",
    "SSCCardPlayerPairsGame": false,
    "SSCCardPlayerPairsGamePackData": "",
    "SSCCombat": "",
    "SSCCorruptionUI": false,
    "SSCCorruptItemSlot": "None",
    "SSCCraftUI": false,
    "SSCCraftUIMaxType": "Common",
    "SSCDiscount": 0,
    "SSCDustReward": 0,
    "SSCEvent": "",
    "SSCExperienceReward": 0,
    "SSCFinishEarlyAccess": false,
    "SSCFinishGame": false,
    "SSCGoldReward": 0,
    "SSCHealerUI": false,
    "SSCLootList": "",
    "SSCMaxQuantity": 0,
    "SSCMerchantUI": false,
    "SSCNodeTravel": "",
    "SSCRemoveItemSlot": "None",
    "SSCRequirementLock": "",
    "SSCRequirementUnlock": "",
    "SSCRequirementUnlock2": "",
    "SSCRewardHealthFlat": 0,
    "SSCRewardHealthPercent": 0.0,
    "SSCRewardText": "",
    "SSCRewardTier": "",
    "SSCShopList": "",
    "SSCSupplyReward": 0,
    "SSCUnlockClass": "",
    "SSCUnlockSteamAchievement": "",
    "SSCUpgradeRandomCard": false,
    "SSCUpgradeUI": false,
    "FLAddCard1": "openwound",
    "FLAddCard2": "",
    "FLAddCard3": "",
    "FLAddItem": "",
    "FLCardPlayerGame": false,
    "FLCardPlayerGamePackData": "",
    "FLCardPlayerPairsGame": false,
    "FLCardPlayerPairsGamePackData": "",
    "FLCombat": "",
    "FLCorruptionUI": false,
    "FLCorruptItemSlot": "None",
    "FLCraftUI": false,
    "FLCraftUIMaxType": "Common",
    "FLDiscount": 0,
    "FLDustReward": 0,
    "FLEvent": "",
    "FLExperienceReward": 10,
    "FLGoldReward": 0,
    "FLHealerUI": false,
    "FLLootList": "",
    "FLMaxQuantity": 0,
    "FLMerchantUI": false,
    "FLNodeTravel": "",
    "FLRemoveItemSlot": "None",
    "FLRequirementLock": "",
    "FLRequirementUnlock": "ancientsong",
    "FLRequirementUnlock2": "",
    "FLRewardHealthFlat": 0,
    "FLRewardHealthPercent": 0.0,
    "FLRewardText": "The elf teaches the ancient song to Andrin and after a while they both start singing...\n\nHis interpretation is really bad! The owls get furious and start clawing at him... provoking several wounds. The very angry elf asks you to leave before things get even more complicated.\n\nAt least you've learned the ancient song.",
    "FLRewardTier": "",
    "FLShopList": "",
    "FLSupplyReward": 0,
    "FLUnlockClass": "",
    "FLUnlockSteamAchievement": "",
    "FLUpgradeRandomCard": false,
    "FLUpgradeUI": false,
    "FLCAddCard1": "",
    "FLCAddCard2": "",
    "FLCAddCard3": "",
    "FLCAddItem": "",
    "FLCCardPlayerGame": false,
    "FLCCardPlayerGamePackData": "",
    "FLCCardPlayerPairsGame": false,
    "FLCCardPlayerPairsGamePackData": "",
    "FLCCombat": "",
    "FLCCorruptionUI": false,
    "FLCCorruptItemSlot": "None",
    "FLCCraftUI": false,
    "FLCCraftUIMaxType": "Common",
    "FLCDiscount": 0,
    "FLCDustReward": 0,
    "FLCEvent": "",
    "FLCExperienceReward": 0,
    "FLCGoldReward": 0,
    "FLCHealerUI": false,
    "FLCLootList": "",
    "FLCMaxQuantity": 0,
    "FLCMerchantUI": false,
    "FLCNodeTravel": "",
    "FLCRemoveItemSlot": "None",
    "FLCRequirementLock": "",
    "FLCRequirementUnlock": "",
    "FLCRequirementUnlock2": "",
    "FLCRewardHealthFlat": 0,
    "FLCRewardHealthPercent": 0.0,
    "FLCRewardText": "",
    "FLCRewardTier": "",
    "FLCShopList": "",
    "FLCSupplyReward": 0,
    "FLCUnlockClass": "",
    "FLCUnlockSteamAchievement": "",
    "FLCUpgradeRandomCard": false,
    "FLCUpgradeUI": false
}