{
    "medsEvent": "e_faen16_a",
    "medsTempID": "e_faen16_a_vs1",
    "DustCost": 0,
    "GoldCost": 0,
    "IndexForAnswerTranslation": 1145,
    "RepeatForAllCharacters": false,
    "ReplyActionText": "Sing",
    "ReplyShowCard": "",
    "ReplyText": "You try to appease the owls by singing in chorus.",
    "RequiredClass": "",
    "Requirement": "",
    "RequirementBlocked": "",
    "RequirementCard": [],
    "RequirementItem": "",
    "RequirementMultiplayer": false,
    "RequirementSku": "",
    "SSAddCard1": "owlblessing",
    "SSAddCard2": "",
    "SSAddCard3": "",
    "SSAddItem": "",
    "SSCardPlayerGame": false,
    "SSCardPlayerGamePackData": "",
    "SSCardPlayerPairsGame": false,
    "SSCardPlayerPairsGamePackData": "",
    "SSCharacterReplacement": "",
    "SSCharacterReplacementPosition": 0,
    "SSCombat": "",
    "SSCorruptionUI": false,
    "SSCorruptItemSlot": "None",
    "SSCraftUI": false,
    "SSCraftUIMaxType": "Common",
    "SSDiscount": 0,
    "SSDustReward": 100,
    "SSEvent": "",
    "SSExperienceReward": 36,
    "SSFinishEarlyAccess": false,
    "SSFinishGame": false,
    "SSFinishObeliskMap": false,
    "SSGoldReward": 0,
    "SSHealerUI": false,
    "SSLootList": "vsowlloot",
    "SSMaxQuantity": 0,
    "SSMerchantUI": false,
    "SSNodeTravel": "",
    "SSPerkData": "",
    "SSPerkData1": "",
    "SSRemoveItemSlot": "None",
    "SSRequirementLock": "",
    "SSRequirementLock2": "",
    "SSRequirementUnlock": "ancientsong",
    "SSRequirementUnlock2": "",
    "SSRewardHealthFlat": 0,
    "SSRewardHealthPercent": 0.0,
    "SSRewardText": "The elf teaches you the ancient song and after a while everyone starts singing...\n\nYour interpretation is a success! The owls fly in a circle above you and give you their blessing. When you finish the song the owls calm down and return to their nests.\n\nThe elf is very grateful and offers you some musical instruments.",
    "SSRewardTier": "",
    "SSRoll": true,
    "SSRollCard": "None",
    "SSRollMode": "HigherOrEqual",
    "SSRollNumber": 5,
    "SSRollNumberCritical": 8,
    "SSRollNumberCriticalFail": 1,
    "SSRollTarget": "Group",
    "SSShopList": "",
    "SSSteamStat": "",
    "SSSupplyReward": 0,
    "SSUnlockClass": "",
    "SSUnlockSkin": "",
    "SSUnlockSteamAchievement": "",
    "SSUpgradeRandomCard": false,
    "SSUpgradeUI": false,
    "SSCAddCard1": "",
    "SSCAddCard2": "",
    "SSCAddCard3": "",
    "SSCAddItem": "",
    "SSCCardPlayerGame": false,
    "SSCCardPlayerGamePackData": "",
    "SSCCardPlayerPairsGame": false,
    "SSCCardPlayerPairsGamePackData": "",
    "SSCCombat": "",
    "SSCCorruptionUI": false,
    "SSCCorruptItemSlot": "None",
    "SSCCraftUI": false,
    "SSCCraftUIMaxType": "Common",
    "SSCDiscount": 0,
    "SSCDustReward": 100,
    "SSCEvent": "",
    "SSCExperienceReward": 40,
    "SSCFinishEarlyAccess": false,
    "SSCFinishGame": false,
    "SSCGoldReward": 100,
    "SSCHealerUI": false,
    "SSCLootList": "vsowllootspecial",
    "SSCMaxQuantity": 0,
    "SSCMerchantUI": false,
    "SSCNodeTravel": "",
    "SSCRemoveItemSlot": "None",
    "SSCRequirementLock": "",
    "SSCRequirementUnlock": "ancientsong",
    "SSCRequirementUnlock2": "",
    "SSCRewardHealthFlat": 0,
    "SSCRewardHealthPercent": 0.0,
    "SSCRewardText": "The elf teaches you the ancient song and after a while everyone starts singing...\n\nYour interpretation is a resounding success! The owls fly in a circle above you and give you their blessing. When you finish the song the owls calm down and return to their nests.\n\nThe elf is very grateful and offers you a totem from the owls.",
    "SSCRewardTier": "",
    "SSCShopList": "",
    "SSCSupplyReward": 0,
    "SSCUnlockClass": "",
    "SSCUnlockSteamAchievement": "",
    "SSCUpgradeRandomCard": false,
    "SSCUpgradeUI": false,
    "FLAddCard1": "",
    "FLAddCard2": "",
    "FLAddCard3": "",
    "FLAddItem": "",
    "FLCardPlayerGame": false,
    "FLCardPlayerGamePackData": "",
    "FLCardPlayerPairsGame": false,
    "FLCardPlayerPairsGamePackData": "",
    "FLCombat": "",
    "FLCorruptionUI": false,
    "FLCorruptItemSlot": "None",
    "FLCraftUI": false,
    "FLCraftUIMaxType": "Common",
    "FLDiscount": 0,
    "FLDustReward": 0,
    "FLEvent": "",
    "FLExperienceReward": 14,
    "FLGoldReward": 0,
    "FLHealerUI": false,
    "FLLootList": "",
    "FLMaxQuantity": 0,
    "FLMerchantUI": false,
    "FLNodeTravel": "",
    "FLRemoveItemSlot": "None",
    "FLRequirementLock": "",
    "FLRequirementUnlock": "ancientsong",
    "FLRequirementUnlock2": "",
    "FLRewardHealthFlat": 0,
    "FLRewardHealthPercent": 0.0,
    "FLRewardText": "The elf teaches you the ancient song and after a while everyone starts singing...\n\nYour interpretation is not good enough! The owls get even more agitated than before and the elf gets a little angry. He asks you to leave before things get complicated.\n\nAt least you've learned the ancient song.",
    "FLRewardTier": "",
    "FLShopList": "",
    "FLSupplyReward": 0,
    "FLUnlockClass": "",
    "FLUnlockSteamAchievement": "",
    "FLUpgradeRandomCard": false,
    "FLUpgradeUI": false,
    "FLCAddCard1": "openwound",
    "FLCAddCard2": "",
    "FLCAddCard3": "",
    "FLCAddItem": "",
    "FLCCardPlayerGame": false,
    "FLCCardPlayerGamePackData": "",
    "FLCCardPlayerPairsGame": false,
    "FLCCardPlayerPairsGamePackData": "",
    "FLCCombat": "",
    "FLCCorruptionUI": false,
    "FLCCorruptItemSlot": "None",
    "FLCCraftUI": false,
    "FLCCraftUIMaxType": "Common",
    "FLCDiscount": 0,
    "FLCDustReward": 0,
    "FLCEvent": "",
    "FLCExperienceReward": 10,
    "FLCGoldReward": 0,
    "FLCHealerUI": false,
    "FLCLootList": "",
    "FLCMaxQuantity": 0,
    "FLCMerchantUI": false,
    "FLCNodeTravel": "",
    "FLCRemoveItemSlot": "None",
    "FLCRequirementLock": "",
    "FLCRequirementUnlock": "ancientsong",
    "FLCRequirementUnlock2": "",
    "FLCRewardHealthFlat": 0,
    "FLCRewardHealthPercent": 0.0,
    "FLCRewardText": "The elf teaches you the ancient song and after a while everyone starts singing...\n\nYour interpretation is really bad! The owls get furious and start clawing at you... provoking several wounds. The very angry elf asks you to leave before things get even more complicated.\n\nAt least you've learned the ancient song.",
    "FLCRewardTier": "",
    "FLCShopList": "",
    "FLCSupplyReward": 0,
    "FLCUnlockClass": "",
    "FLCUnlockSteamAchievement": "",
    "FLCUpgradeRandomCard": false,
    "FLCUpgradeUI": false
}