{
    "DefaultPercentEpic": 5.0,
    "DefaultPercentMythic": 0.0,
    "DefaultPercentRare": 45.0,
    "DefaultPercentUncommon": 50.0,
    "GoldQuantity": 50,
    "ID": "stolenitems",
    "LootItemTable": [
        "{\n    \"LootCard\": \"elvenquiver\",\n    \"LootPercent\": 100.0,\n    \"LootRarity\": \"Rare\",\n    \"LootType\": \"Armor\"\n}",
        "{\n    \"LootCard\": \"crescentmoon\",\n    \"LootPercent\": 100.0,\n    \"LootRarity\": \"Rare\",\n    \"LootType\": \"Jewelry\"\n}",
        "{\n    \"LootCard\": \"vsshatteredheart\",\n    \"LootPercent\": 100.0,\n    \"LootRarity\": \"Rare\",\n    \"LootType\": \"Accesory\"\n}",
        "{\n    \"LootCard\": \"vsgrowthpendant\",\n    \"LootPercent\": 100.0,\n    \"LootRarity\": \"Rare\",\n    \"LootType\": \"Jewelry\"\n}",
        "{\n    \"LootCard\": \"vsbriarcoat\",\n    \"LootPercent\": 100.0,\n    \"LootRarity\": \"Rare\",\n    \"LootType\": \"Armor\"\n}"
    ],
    "NumItems": 6,
    "ShadyModel": "",
    "ShadyScaleX": 1.0,
    "ShadyScaleY": 1.0,
    "ShadyOffsetX": 0.0,
    "ShadyOffsetY": 0.0
}